{"cameraMode":{"drawMode":0,"name":"Shaded","section":"Shading Mode"},"sceneLighting":false,"audioPlay":false,"sceneViewState":{"showFog":true,"showMaterialUpdate":false,"showSkybox":false,"showFlares":true,"showImageEffects":true,"showParticleSystems":true},"in2DMode":false,"pivot":{"x":-27.097427368164064,"y":8.147830963134766,"z":58.603546142578128},"rotation":{"x":0.013360329903662205,"y":0.41700640320777895,"z":-0.006129951681941748,"w":0.9087919592857361},"size":59.174049377441409,"orthographic":false}