{"cameraMode":{"drawMode":0,"name":"Shaded","section":"Shading Mode"},"sceneLighting":false,"audioPlay":false,"sceneViewState":{"showFog":true,"showMaterialUpdate":false,"showSkybox":false,"showFlares":true,"showImageEffects":true,"showParticleSystems":true},"in2DMode":false,"pivot":{"x":-0.15128201246261598,"y":-0.11939483880996704,"z":0.07644140720367432},"rotation":{"x":0.03722608461976051,"y":0.6527105569839478,"z":-0.03213918209075928,"w":0.7560173869132996},"size":1.6539019346237183,"orthographic":false}