{"cameraMode":{"drawMode":0,"name":"Shaded","section":"Shading Mode"},"sceneLighting":false,"audioPlay":false,"sceneViewState":{"showFog":true,"showMaterialUpdate":false,"showSkybox":false,"showFlares":true,"showImageEffects":true,"showParticleSystems":true},"in2DMode":false,"pivot":{"x":-0.000010132789611816406,"y":0.859795331954956,"z":-0.03367073833942413},"rotation":{"x":-0.02846726030111313,"y":0.9193155765533447,"z":-0.06769203394651413,"w":-0.3866249620914459},"size":1.408631443977356,"orthographic":false}