{"cameraMode":{"drawMode":0,"name":"Shaded","section":"Shading Mode"},"sceneLighting":false,"audioPlay":false,"sceneViewState":{"showFog":true,"showMaterialUpdate":false,"showSkybox":false,"showFlares":true,"showImageEffects":true,"showParticleSystems":true},"in2DMode":false,"pivot":{"x":0.00042057037353515625,"y":-0.18578600883483888,"z":0.2835407555103302},"rotation":{"x":0.2656683325767517,"y":-0.7092600464820862,"z":0.33685481548309328,"w":0.5593743920326233},"size":1.5000174045562745,"orthographic":false}