{"cameraMode":{"drawMode":0,"name":"Shaded","section":"Shading Mode"},"sceneLighting":false,"audioPlay":false,"sceneViewState":{"showFog":true,"showMaterialUpdate":false,"showSkybox":false,"showFlares":true,"showImageEffects":true,"showParticleSystems":true},"in2DMode":false,"pivot":{"x":-0.00009655952453613281,"y":0.8561322093009949,"z":-0.02721482515335083},"rotation":{"x":-0.02846726030111313,"y":0.9193155765533447,"z":-0.06769203394651413,"w":-0.3866249620914459},"size":1.4210201501846314,"orthographic":false}